replication_no,id,visits,source,
1,10,3,A,
1,11,2,B,
1,12,4,C,
1,13,2,D,
1,14,2,B,
1,15,4,A,
1,16,4,B,
1,17,2,B,
1,18,3,B,
1,19,2,C,
1,20,3,A,
1,21,2,D,
1,22,2,B,
1,23,3,A,
1,24,4,C,
1,25,2,B,
1,26,3,A,
1,27,2,C,
1,28,4,C,
1,29,2,C,
1,30,4,A,
1,31,2,D,
1,32,2,B,
1,33,2,D,
1,34,2,B,
1,35,4,C,
1,36,4,A,
1,37,4,C,
1,38,2,B,
1,39,4,A,
1,40,3,A,
1,41,4,C,
1,42,3,D,
1,43,2,D,
1,44,3,A,
1,45,2,D,
1,46,4,D,
1,47,4,B,
1,48,4,C,
1,49,4,B,
1,50,2,A,
1,51,4,C,
1,52,3,C,
1,53,2,B,
1,54,3,A,
1,55,4,C,
1,56,2,C,
1,57,2,C,
1,58,2,B,
1,59,3,B,
1,60,4,C,
1,61,4,B,
1,62,4,C,
1,63,3,D,
1,64,3,D,
1,65,3,B,
1,66,4,A,
1,67,3,A,
1,68,3,C,
1,69,3,D,
1,70,2,B,
1,71,2,A,
1,72,2,A,
1,73,4,B,
1,74,2,A,
1,75,2,B,
1,76,3,D,
1,77,3,C,
1,78,2,C,
1,79,4,A,
1,80,4,A,
1,81,3,B,
1,82,4,B,
1,83,3,D,
1,84,3,B,
1,85,2,D,
1,86,3,D,
1,87,4,D,
1,88,2,C,
1,89,3,A,
1,90,2,D,
1,91,2,D,
1,92,3,D,
1,93,2,A,
1,94,4,C,
1,95,3,D,
1,96,3,C,
1,97,3,B,
1,98,4,B,
1,99,2,B,
1,100,2,C,
1,101,3,C,
1,102,3,A,
1,103,3,A,
1,104,3,C,
1,105,3,D,
1,106,2,B,
1,107,2,B,
1,108,4,B,
1,109,4,C,
1,110,3,A,
1,111,2,B,
1,112,4,B,
1,113,2,C,
1,114,4,B,
1,115,4,A,
1,116,3,D,
1,117,2,B,
1,118,4,D,
1,119,2,B,
1,120,4,A,
1,121,2,D,
1,122,4,D,
1,123,2,D,
1,124,2,D,
1,125,2,A,
1,126,3,C,
1,127,2,B,
1,128,2,A,
1,129,3,B,
1,130,4,B,
1,131,3,B,
1,132,3,B,
1,133,4,D,
1,134,2,A,
1,135,4,C,
1,136,3,D,
1,137,2,B,
1,138,4,B,
1,139,2,D,
1,140,2,D,
1,141,4,D,
1,142,4,A,
1,143,4,A,
1,144,2,D,
1,145,2,C,
1,146,3,C,
1,147,3,A,
1,148,3,C,
1,149,3,C,
1,150,3,A,
1,151,2,B,
1,152,3,C,
1,153,2,A,
1,154,4,D,
1,155,3,A,
1,156,3,D,
1,157,2,C,
1,158,2,D,
1,159,3,A,
1,160,4,D,
1,161,2,C,
1,162,3,D,
1,163,4,C,
1,164,2,C,
1,165,3,C,
1,166,3,B,
1,167,3,D,
1,168,2,C,
1,169,2,D,
1,170,3,A,
1,171,3,D,
1,172,3,D,
1,173,3,C,
1,174,3,B,
1,175,2,D,
1,176,4,C,
1,177,2,C,
1,178,3,A,
1,179,4,C,
1,180,3,D,
1,181,3,D,
1,182,2,C,
1,183,3,A,
1,184,3,A,
1,185,2,A,
1,186,4,D,
1,187,4,C,
1,188,3,B,
1,189,3,C,
1,190,2,D,
1,191,4,B,
1,192,4,A,
1,193,3,C,
1,194,2,A,
1,195,3,C,
1,196,4,D,
1,197,4,D,
1,198,4,A,
1,199,2,A,
1,200,3,C,
1,201,4,C,
1,202,2,D,
1,203,4,D,
1,204,4,D,
1,205,4,D,
1,206,2,B,
1,207,4,B,
1,208,3,D,
1,209,3,A,
1,210,4,A,
1,211,4,B,
1,212,3,D,
1,213,4,C,
1,214,4,C,
1,215,2,D,
1,216,4,A,
1,217,3,A,
1,218,4,B,
1,219,4,C,
1,220,3,C,
1,221,3,C,
1,222,2,A,
1,223,4,A,
1,224,3,A,
1,225,4,A,
1,226,3,C,
1,227,4,B,
1,228,2,A,
1,229,2,A,
1,230,3,A,
1,231,4,D,
1,232,3,D,
1,233,3,D,
1,234,2,B,
1,235,2,D,
1,236,3,B,
1,237,2,B,
1,238,2,D,
1,239,4,D,
1,240,3,C,
1,241,4,A,
1,242,3,D,
1,243,3,D,
1,244,4,A,
1,245,4,A,
1,246,4,D,
1,247,3,C,
1,248,3,A,
1,249,4,D,
1,250,3,C,
1,251,4,C,
1,252,2,D,
1,253,4,A,
1,254,4,A,
1,255,4,C,
1,256,3,D,
1,257,4,C,
1,258,4,A,
1,259,3,C,
1,260,2,A,
1,261,3,B,
1,262,3,A,
1,263,2,A,
1,264,2,A,
1,265,4,D,
1,266,4,A,
1,267,4,D,
1,268,2,C,
1,269,2,B,
1,270,2,B,
1,271,2,A,
1,272,4,C,
1,273,3,A,
1,274,3,D,
1,275,4,A,
1,276,3,C,
1,277,3,D,
1,278,3,B,
1,279,3,B,
1,280,4,A,
1,281,2,B,
1,282,3,C,
1,283,3,C,
1,284,2,D,
1,285,4,A,
1,286,4,D,
1,287,2,A,
1,288,2,A,
1,289,4,D,
1,290,3,B,
1,291,4,B,
1,292,3,C,
1,293,2,C,
1,294,2,D,
1,295,4,B,
1,296,3,D,
1,297,2,B,
1,298,3,B,
1,299,4,B,
1,300,3,D,
1,301,2,A,
1,302,2,D,
1,303,2,D,
1,304,4,B,
1,305,4,A,
1,306,2,B,
1,307,4,A,
1,308,3,D,
1,309,3,C,
1,310,2,D,
1,311,4,C,
1,312,4,A,
1,313,2,A,
1,314,2,D,
1,315,3,B,
1,316,4,A,
1,317,3,D,
1,318,2,C,
1,319,3,D,
1,320,4,A,
1,321,2,B,
1,322,3,B,
1,323,4,C,
1,324,2,A,
1,325,4,D,
1,326,3,B,
1,327,4,B,
1,328,2,B,
1,329,3,C,
1,330,4,B,
1,331,3,C,
1,332,4,C,
1,333,3,D,
1,334,3,B,
1,335,3,B,
1,336,4,C,
1,337,3,B,
1,338,3,C,
1,339,2,B,
1,340,2,B,
1,341,2,B,
1,342,4,A,
1,343,2,B,
1,344,4,B,
1,345,2,A,
1,346,3,C,
1,347,3,D,
1,348,3,D,
1,349,3,A,
1,350,3,C,
1,351,3,C,
1,352,2,B,
1,353,3,A,
1,354,3,A,
1,355,2,B,
1,356,2,C,
1,357,3,A,
1,358,3,D,
1,359,4,D,
1,360,2,A,
1,361,4,B,
1,362,2,C,
1,363,3,C,
1,364,4,B,
1,365,3,D,
1,366,4,B,
1,367,4,C,
1,368,2,C,
1,369,2,B,
1,370,2,A,
1,371,4,C,
1,372,2,B,
1,373,2,C,
1,374,4,D,
1,375,3,D,
1,376,4,D,
1,377,4,A,
1,378,2,A,
1,379,4,A,
1,380,2,A,
1,381,3,A,
1,382,2,B,
1,383,3,D,
1,384,4,B,
1,385,2,C,
1,386,3,D,
1,387,2,D,
1,388,2,C,
1,389,2,B,
1,390,2,D,
1,391,4,A,
1,392,4,D,
1,393,3,C,
1,394,4,C,
1,395,4,C,
1,396,2,C,
1,397,2,B,
1,398,2,C,
1,399,3,D,
1,400,4,C,
1,401,3,B,
1,402,4,C,
1,403,4,A,
1,404,4,B,
1,405,2,B,
1,406,4,B,
1,407,2,C,
1,408,2,B,
1,409,3,A,
1,410,3,D,
1,411,4,A,
1,412,3,C,
1,413,4,B,
1,414,2,B,
1,415,3,D,
1,416,4,D,
1,417,3,A,
1,418,2,A,
1,419,2,B,
1,420,3,D,
1,421,4,A,
1,422,4,A,
1,423,4,C,
1,424,3,D,
1,425,2,D,
1,426,4,C,
1,427,3,B,
1,428,3,B,
1,429,3,B,
1,430,2,B,
1,431,3,B,
1,432,3,B,
1,433,3,C,
1,434,2,D,
1,435,4,B,
1,436,2,D,
1,437,2,B,
1,438,2,D,
1,439,2,C,
1,440,3,C,
1,441,2,A,
1,442,4,D,
1,443,2,A,
1,444,4,D,
1,445,3,D,
1,446,2,B,
1,447,4,D,
1,448,3,A,
1,449,3,A,
1,450,3,D,
1,451,3,C,
1,452,4,B,
1,453,4,C,
1,454,3,B,
1,455,2,D,
1,456,4,B,
1,457,4,D,
1,458,2,B,
1,459,2,A,
1,460,2,A,
1,461,2,B,
1,462,4,B,
1,463,3,A,
1,464,4,B,
1,465,3,D,
1,466,3,B,
1,467,4,B,
1,468,4,A,
1,469,2,C,
1,470,4,C,
1,471,4,C,
1,472,4,A,
1,473,4,D,
1,474,3,D,
1,475,3,C,
1,476,4,C,
1,477,4,C,
1,478,2,D,
1,479,2,A,
1,480,3,C,
1,481,2,D,
1,482,3,C,
1,483,4,C,
1,484,3,B,
1,485,4,D,
1,486,3,A,
1,487,3,D,
1,488,4,B,
1,489,4,C,
1,490,3,A,
1,491,3,A,
1,492,2,D,
1,493,2,D,
1,494,2,B,
1,495,3,D,
1,496,3,C,
1,497,3,A,
1,498,4,A,
1,499,2,A,
1,500,3,C,
1,501,2,A,
1,502,2,C,
1,503,3,D,
1,504,2,D,
1,505,3,D,
1,506,2,C,
1,507,3,C,
1,508,2,D,
1,509,4,A,
1,510,2,A,
1,511,4,D,
1,512,3,D,
1,513,4,B,
1,514,3,B,
1,515,4,C,
1,516,2,D,
1,517,2,D,
1,518,3,A,
1,519,2,B,
1,520,2,B,
1,521,2,D,
1,522,4,A,
1,523,2,C,
1,524,2,C,
1,525,4,C,
1,526,2,C,
1,527,3,C,
1,528,3,C,
1,529,3,B,
1,530,2,D,
1,531,2,C,
1,532,4,D,
1,533,3,C,
1,534,2,D,
1,535,3,C,
1,536,3,C,
1,537,2,D,
1,538,3,D,
1,539,4,A,
1,540,3,D,
1,541,4,C,
1,542,2,A,
1,543,4,D,
1,544,3,D,
1,545,3,C,
1,546,4,A,
1,547,4,A,
1,548,2,B,
1,549,2,A,
1,550,3,B,
1,551,2,C,
1,552,4,B,
1,553,3,B,
1,554,2,B,
1,555,2,A,
1,556,4,B,
1,557,2,B,
1,558,4,A,
1,559,2,B,
1,560,3,D,
1,561,3,B,
1,562,4,D,
1,563,2,A,
1,564,3,D,
1,565,2,C,
1,566,2,C,
1,567,4,D,
1,568,3,B,
1,569,3,B,
1,570,4,C,
1,571,4,A,
1,572,3,C,
1,573,2,C,
1,574,4,B,
1,575,3,A,
1,576,2,B,
1,577,2,B,
1,578,2,A,
1,579,2,A,
1,580,2,C,
1,581,2,D,
1,582,3,A,
1,583,3,C,
1,584,4,C,
1,585,3,A,
1,586,3,A,
1,587,3,A,
1,588,2,C,
1,589,4,C,
1,590,4,A,
1,591,3,D,
1,592,4,D,
1,593,4,C,
1,594,2,D,
1,595,4,B,
1,596,2,C,
1,597,2,A,
1,598,2,D,
1,599,3,D,
1,600,2,D,
1,601,2,C,
1,602,2,A,
1,603,4,A,
1,604,3,A,
1,605,4,C,
1,606,4,C,
1,607,4,C,
1,608,3,B,
1,609,2,D,
1,610,3,C,
1,611,4,C,
1,612,2,D,
1,613,3,B,
1,614,2,C,
1,615,3,A,
1,616,3,B,
1,617,2,C,
1,618,3,D,
1,619,3,A,
1,620,4,A,
1,621,4,D,
1,622,4,C,
1,623,3,D,
1,624,4,D,
1,625,2,D,
1,626,2,A,
1,627,3,C,
1,628,3,A,
1,629,3,A,
1,630,2,B,
1,631,3,A,
1,632,3,A,
1,633,3,D,
1,634,3,D,
1,635,4,B,
1,636,4,C,
1,637,4,C,
1,638,3,B,
1,639,4,D,
1,640,2,A,
1,641,3,D,
1,642,3,C,
1,643,3,C,
1,644,4,D,
1,645,3,A,
1,646,2,B,
1,647,2,A,
1,648,3,A,
1,649,2,C,
1,650,3,C,
1,651,3,A,
1,652,4,B,
1,653,4,B,
1,654,3,B,
1,655,2,C,
1,656,4,D,
1,657,2,C,
1,658,4,D,
1,659,2,A,
1,660,2,A,
1,661,2,B,
1,662,4,A,
1,663,4,D,
1,664,2,B,
1,665,2,C,
1,666,3,C,
1,667,4,B,
1,668,3,B,
1,669,4,C,
1,670,2,B,
1,671,3,A,
1,672,4,C,
1,673,3,A,
1,674,4,D,
1,675,2,A,
1,676,4,C,
1,677,4,A,
1,678,4,C,
1,679,3,B,
1,680,2,C,
1,681,3,A,
1,682,2,D,
1,683,2,C,
1,684,2,D,
1,685,3,A,
1,686,3,B,
1,687,4,C,
1,688,3,B,
1,689,4,C,
1,690,2,A,
1,691,2,D,
1,692,4,D,
1,693,2,B,
1,694,3,A,
1,695,2,D,
1,696,4,A,
1,697,3,B,
1,698,2,A,
1,699,4,B,
1,700,2,C,
1,701,3,A,
1,702,4,D,
1,703,4,D,
1,704,3,B,
1,705,4,B,
1,706,2,D,
1,707,2,B,
1,708,3,D,
1,709,2,C,
1,710,4,A,
1,711,4,A,
1,712,2,B,
1,713,4,C,
1,714,4,D,
1,715,2,A,
1,716,3,A,
1,717,4,B,
1,718,4,A,
1,719,4,A,
1,720,2,A,
1,721,2,B,
1,722,3,A,
1,723,4,A,
1,724,2,D,
1,725,2,A,
1,726,4,A,
1,727,4,B,
1,728,4,B,
1,729,3,A,
1,730,4,A,
1,731,2,D,
1,732,2,C,
1,733,2,D,
1,734,4,D,
1,735,3,A,
1,736,4,C,
1,737,4,A,
1,738,4,C,
1,739,4,D,
1,740,3,A,
1,741,3,C,
1,742,2,C,
1,743,3,A,
1,744,3,D,
1,745,3,A,
1,746,3,C,
1,747,4,C,
1,748,4,A,
1,749,4,C,
1,750,3,B,
1,751,3,A,
1,752,4,D,
1,753,4,C,
1,754,3,B,
1,755,2,B,
1,756,3,A,
1,757,3,C,
1,758,2,D,
1,759,2,C,
1,760,4,D,
1,761,4,B,
1,762,4,D,
1,763,4,A,
1,764,4,A,
1,765,2,D,
1,766,4,C,
1,767,4,A,
1,768,3,D,
1,769,4,C,
1,770,4,B,
1,771,4,B,
1,772,4,B,
1,773,2,B,
1,774,4,A,
1,775,4,A,
1,776,3,D,
1,777,3,B,
1,778,4,A,
1,779,4,A,
1,780,2,A,
1,781,2,A,
1,782,3,D,
1,783,4,B,
1,784,2,B,
1,785,3,A,
1,786,4,D,
1,787,4,D,
1,788,2,C,
1,789,3,D,
1,790,2,B,
2,1,4,A,
2,2,4,B,
2,3,3,C,
2,4,4,D,
2,5,4,A,
2,6,2,D,
2,7,4,D,
2,8,3,A,
2,9,2,D,
2,10,3,D,
2,11,3,A,
2,12,4,A,
2,13,4,D,
2,14,2,C,
2,15,3,B,
2,16,3,C,
2,17,4,A,
2,18,4,D,
2,19,3,B,
2,20,2,B,
2,21,3,A,
2,22,4,A,
2,23,4,D,
2,24,4,D,
2,25,2,C,
2,26,3,D,
2,27,3,A,
2,28,4,A,
2,29,3,B,
2,30,2,D,
2,31,3,A,
2,32,4,A,
2,33,3,B,
2,34,3,C,
2,35,3,D,
2,36,3,B,
2,37,2,A,
2,38,4,C,
2,39,2,B,
2,40,2,B,
2,41,2,C,
2,42,2,D,
2,43,2,A,
2,44,3,D,
2,45,4,B,
2,46,4,D,
2,47,3,A,
2,48,2,A,
2,49,2,B,
2,50,4,A,
2,51,4,D,
2,52,2,A,
2,53,3,A,
2,54,2,A,
2,55,4,B,
2,56,3,A,
2,57,4,B,
2,58,3,C,
2,59,3,C,
2,60,4,D,
2,61,2,A,
2,62,4,D,
2,63,3,A,
2,64,3,C,
2,65,4,A,
2,66,2,A,
2,67,2,C,
2,68,2,D,
2,69,2,A,
2,70,3,B,
2,71,3,C,
2,72,3,D,
2,73,3,B,
2,74,3,B,
2,75,2,A,
2,76,3,D,
2,77,2,C,
2,78,3,B,
2,79,2,B,
2,80,2,A,
2,81,3,D,
2,82,4,B,
2,83,4,B,
2,84,4,D,
2,85,4,C,
2,86,4,B,
2,87,3,B,
2,88,3,D,
2,89,3,D,
2,90,4,A,
2,91,3,C,
2,92,4,C,
2,93,4,B,
2,94,2,D,
2,95,2,A,
2,96,4,A,
2,97,4,A,
2,98,2,B,
2,99,3,B,
2,100,3,A,
2,101,4,B,
2,102,2,B,
2,103,3,D,
2,104,3,C,
2,105,2,A,
2,106,2,C,
2,107,2,C,
2,108,2,B,
2,109,4,D,
2,110,2,C,
2,111,2,C,
2,112,4,D,
2,113,4,A,
2,114,4,D,
2,115,2,C,
2,116,3,A,
2,117,3,C,
2,118,3,A,
2,119,2,C,
2,120,3,C,
2,121,4,C,
2,122,3,B,
2,123,2,B,
2,124,3,C,
2,125,4,C,
2,126,4,D,
2,127,2,C,
2,128,2,C,
2,129,4,B,
2,130,2,A,
2,131,3,D,
2,132,2,A,
2,133,3,D,
2,134,3,D,
2,135,3,D,
2,136,4,A,
2,137,3,B,
2,138,3,A,
2,139,2,C,
2,140,2,D,
2,141,2,C,
2,142,3,D,
2,143,4,B,
2,144,3,A,
2,145,2,C,
2,146,2,A,
2,147,2,C,
2,148,2,C,
2,149,3,A,
2,150,3,C,
2,151,3,D,
2,152,2,C,
2,153,3,B,
2,154,2,A,
2,155,3,B,
2,156,2,C,
2,157,2,A,
2,158,4,D,
2,159,2,A,
2,160,3,A,
2,161,4,D,
2,162,4,D,
2,163,3,C,
2,164,2,C,
2,165,3,C,
2,166,2,A,
2,167,3,B,
2,168,2,A,
2,169,2,D,
2,170,2,B,
2,171,2,C,
2,172,4,B,
2,173,2,C,
2,174,2,B,
2,175,4,D,
2,176,4,D,
2,177,2,B,
2,178,4,A,
2,179,2,A,
2,180,2,B,
2,181,4,C,
2,182,4,D,
2,183,2,D,
2,184,2,C,
2,185,3,A,
2,186,3,B,
2,187,3,A,
2,188,3,C,
2,189,4,B,
2,190,2,B,
2,191,3,C,
2,192,4,D,
2,193,4,B,
2,194,2,D,
2,195,4,A,
2,196,4,B,
2,197,2,A,
2,198,3,B,
2,199,3,C,
2,200,4,A,
2,201,4,D,
2,202,3,B,
2,203,4,A,
2,204,3,D,
2,205,3,D,
2,206,3,A,
2,207,2,D,
2,208,3,C,
2,209,3,B,
2,210,4,A,
2,211,4,B,
2,212,2,D,
2,213,4,B,
2,214,2,A,
2,215,3,B,
2,216,4,D,
2,217,3,C,
2,218,3,A,
2,219,3,B,
2,220,2,C,
2,221,4,B,
2,222,4,D,
2,223,4,A,
2,224,3,A,
2,225,3,A,
2,226,3,B,
2,227,3,C,
2,228,4,D,
2,229,3,D,
2,230,4,A,
2,231,2,B,
2,232,4,B,
2,233,4,B,
2,234,2,D,
2,235,2,B,
2,236,2,D,
2,237,2,C,
2,238,2,D,
2,239,2,D,
2,240,4,A,
2,241,4,B,
2,242,2,A,
2,243,4,C,
2,244,4,A,
2,245,4,B,
2,246,4,C,
2,247,4,C,
2,248,2,B,
2,249,4,D,
2,250,3,D,
2,251,3,C,
2,252,3,D,
2,253,3,D,
2,254,2,B,
2,255,2,D,
2,256,4,C,
2,257,3,A,
2,258,3,C,
2,259,3,C,
2,260,2,D,
2,261,3,D,
2,262,3,A,
2,263,2,D,
2,264,3,B,
2,265,4,B,
2,266,3,C,
2,267,3,C,
2,268,4,B,
2,269,3,C,
2,270,2,C,
2,271,2,B,
2,272,4,B,
2,273,4,A,
2,274,3,D,
2,275,3,C,
2,276,2,D,
2,277,2,C,
2,278,4,D,
2,279,2,C,
2,280,2,D,
2,281,3,D,
2,282,3,A,
2,283,3,A,
2,284,3,B,
2,285,2,A,
2,286,2,C,
2,287,2,C,
2,288,4,B,
2,289,4,D,
2,290,2,A,
2,291,3,C,
2,292,4,D,
2,293,4,C,
2,294,4,A,
2,295,2,A,
2,296,3,C,
2,297,2,D,
2,298,2,A,
2,299,4,D,
2,300,3,B,
2,301,3,C,
2,302,4,D,
2,303,2,A,
2,304,4,D,
2,305,4,B,
2,306,2,D,
2,307,2,D,
2,308,2,A,
2,309,2,D,
2,310,4,A,
2,311,4,C,
2,312,3,D,
2,313,3,D,
2,314,3,D,
2,315,4,B,
2,316,2,C,
2,317,3,D,
2,318,3,B,
2,319,4,B,
2,320,4,D,
2,321,2,C,
2,322,4,D,
2,323,3,B,
2,324,4,A,
2,325,3,B,
2,326,4,D,
2,327,4,D,
2,328,2,B,
2,329,3,D,
2,330,3,B,
2,331,3,A,
2,332,4,A,
2,333,3,A,
2,334,2,A,
2,335,3,B,
2,336,2,D,
2,337,4,B,
2,338,3,D,
2,339,2,B,
2,340,2,A,
2,341,3,A,
2,342,4,A,
2,343,4,D,
2,344,2,D,
2,345,3,C,
2,346,4,B,
2,347,4,A,
2,348,3,B,
2,349,3,D,
2,350,2,B,
2,351,4,B,
2,352,3,C,
2,353,3,B,
2,354,3,C,
2,355,4,D,
2,356,2,A,
2,357,4,C,
2,358,3,D,
2,359,2,D,
2,360,3,A,
2,361,4,A,
2,362,2,B,
2,363,4,A,
2,364,2,C,
2,365,4,D,
2,366,4,C,
2,367,3,D,
2,368,4,B,
2,369,3,C,
2,370,3,B,
2,371,2,D,
2,372,2,A,
2,373,4,A,
2,374,4,A,
2,375,2,C,
2,376,3,C,
2,377,2,A,
2,378,2,B,
2,379,2,D,
2,380,3,B,
2,381,4,B,
2,382,3,C,
2,383,3,C,
2,384,3,B,
2,385,2,B,
2,386,3,A,
2,387,3,C,
2,388,3,D,
2,389,3,D,
2,390,4,D,
2,391,4,B,
2,392,2,D,
2,393,2,C,
2,394,3,D,
2,395,3,A,
2,396,4,C,
2,397,4,D,
2,398,4,B,
2,399,2,B,
2,400,2,B,
2,401,3,B,
2,402,2,D,
2,403,4,B,
2,404,2,A,
2,405,4,D,
2,406,4,B,
2,407,4,C,
2,408,4,C,
2,409,4,B,
2,410,3,B,
2,411,2,D,
2,412,4,B,
2,413,4,A,
2,414,4,B,
2,415,4,C,
2,416,2,B,
2,417,2,A,
2,418,3,B,
2,419,2,B,
2,420,2,C,
2,421,3,C,
2,422,4,D,
2,423,3,A,
2,424,3,C,
2,425,4,A,
2,426,4,C,
2,427,2,A,
2,428,3,D,
2,429,4,B,
2,430,3,C,
2,431,2,C,
2,432,4,A,
2,433,4,D,
2,434,3,A,
2,435,2,A,
2,436,2,D,
2,437,2,C,
2,438,2,D,
2,439,4,B,
2,440,2,B,
2,441,2,D,
2,442,2,B,
2,443,2,B,
2,444,2,B,
2,445,2,B,
2,446,4,D,
2,447,4,C,
2,448,2,C,
2,449,3,D,
2,450,3,D,
2,451,3,C,
2,452,3,C,
2,453,2,D,
2,454,3,B,
2,455,4,B,
2,456,3,D,
2,457,3,D,
2,458,3,C,
2,459,4,A,
2,460,2,C,
2,461,2,B,
2,462,2,B,
2,463,3,D,
2,464,4,A,
2,465,4,C,
2,466,3,C,
2,467,3,A,
2,468,3,D,
2,469,3,C,
2,470,4,C,
2,471,4,B,
2,472,3,D,
2,473,4,A,
2,474,3,B,
2,475,3,D,
2,476,2,B,
2,477,4,A,
2,478,4,B,
2,479,3,D,
2,480,3,D,
2,481,3,D,
2,482,4,D,
2,483,4,C,
2,484,2,A,
2,485,3,C,
2,486,3,A,
2,487,4,D,
2,488,2,B,
2,489,2,C,
2,490,2,A,
2,491,4,D,
2,492,2,D,
2,493,2,B,
2,494,4,D,
2,495,2,B,
2,496,3,A,
2,497,4,B,
2,498,4,A,
2,499,3,A,
2,500,4,A,
2,501,3,B,
2,502,4,B,
2,503,4,A,
2,504,3,B,
2,505,2,C,
2,506,2,A,
2,507,3,D,
2,508,4,A,
2,509,4,C,
2,510,2,D,
2,511,2,B,
2,512,2,D,
2,513,2,A,
2,514,3,A,
2,515,3,D,
2,516,2,B,
2,517,2,D,
2,518,4,C,
2,519,3,B,
2,520,3,A,
2,521,3,C,
2,522,2,C,
2,523,2,B,
2,524,4,B,
2,525,3,A,
2,526,2,D,
2,527,4,D,
2,528,2,D,
2,529,3,A,
2,530,2,B,
2,531,4,D,
2,532,3,C,
2,533,4,C,
2,534,3,A,
2,535,3,B,
2,536,2,B,
2,537,4,A,
2,538,4,A,
2,539,3,D,
2,540,3,C,
2,541,4,B,
2,542,3,C,
2,543,4,C,
2,544,4,B,
2,545,2,D,
2,546,4,B,
2,547,2,D,
2,548,4,C,
2,549,2,D,
2,550,4,A,
2,551,3,C,
2,552,4,A,
2,553,4,D,
2,554,3,D,
2,555,2,A,
2,556,2,B,
2,557,2,D,
2,558,2,A,
2,559,2,D,
2,560,4,D,
2,561,3,A,
2,562,3,C,
2,563,2,D,
2,564,4,D,
2,565,2,A,
2,566,4,C,
2,567,2,D,
2,568,4,C,
2,569,3,B,
2,570,3,C,
2,571,2,C,
2,572,3,D,
2,573,4,C,
2,574,2,B,
2,575,2,D,
2,576,3,B,
2,577,4,B,
2,578,2,C,
2,579,2,D,
2,580,3,C,
2,581,3,A,
2,582,2,B,
2,583,4,B,
2,584,4,C,
2,585,2,C,
2,586,3,C,
2,587,3,D,
2,588,3,A,
2,589,3,B,
2,590,4,A,
2,591,2,D,
2,592,4,C,
2,593,4,C,
2,594,4,D,
2,595,2,B,
2,596,4,A,
2,597,2,A,
2,598,4,C,
2,599,3,D,
2,600,4,C,
2,601,4,A,
2,602,4,D,
2,603,3,A,
2,604,2,B,
2,605,2,A,
2,606,4,B,
2,607,2,C,
2,608,4,B,
2,609,4,A,
2,610,3,C,
2,611,2,C,
2,612,4,A,
2,613,2,A,
2,614,2,D,
2,615,4,A,
2,616,2,A,
2,617,3,C,
2,618,4,C,
2,619,4,A,
2,620,2,A,
2,621,2,C,
2,622,4,B,
2,623,2,B,
2,624,4,A,
2,625,4,B,
2,626,2,D,
2,627,4,C,
2,628,4,D,
2,629,2,D,
2,630,2,C,
2,631,3,C,
2,632,2,D,
2,633,2,A,
2,634,2,D,
2,635,4,C,
2,636,2,B,
2,637,3,A,
2,638,3,A,
2,639,2,D,
2,640,3,B,
2,641,2,B,
2,642,3,C,
2,643,3,D,
2,644,3,B,
2,645,2,A,
2,646,3,B,
2,647,4,B,
2,648,4,B,
2,649,2,D,
2,650,2,C,
2,651,4,C,
2,652,3,D,
2,653,2,A,
2,654,2,D,
2,655,2,C,
2,656,4,D,
2,657,2,D,
2,658,2,D,
2,659,3,C,
2,660,3,A,
2,661,3,B,
2,662,3,C,
2,663,3,A,
2,664,3,C,
2,665,4,A,
2,666,4,D,
2,667,2,D,
2,668,4,B,
2,669,3,B,
2,670,2,C,
2,671,4,D,
2,672,4,D,
2,673,4,A,
2,674,3,C,
2,675,4,A,
2,676,4,D,
2,677,3,A,
2,678,4,C,
2,679,3,D,
2,680,2,A,
2,681,3,C,
2,682,3,A,
2,683,4,B,
2,684,2,D,
2,685,3,B,
2,686,3,D,
2,687,3,B,
2,688,3,D,
2,689,4,D,
2,690,3,D,
2,691,3,C,
2,692,4,B,
2,693,2,A,
2,694,4,A,
2,695,4,C,
2,696,4,B,
2,697,4,D,
2,698,4,B,
2,699,4,A,
2,700,3,B,
2,701,2,B,
2,702,4,A,
2,703,4,B,
2,704,2,A,
2,705,4,A,
2,706,4,A,
2,707,3,D,
2,708,3,A,
2,709,2,C,
2,710,3,D,
2,711,2,A,
2,712,3,D,
2,713,2,C,
2,714,2,B,
2,715,2,B,
2,716,2,C,
2,717,4,D,
2,718,3,C,
2,719,2,A,
2,720,3,A,
2,721,3,D,
2,722,2,B,
2,723,2,B,
2,724,3,B,
2,725,3,D,
2,726,3,D,
2,727,3,C,
2,728,3,D,
2,729,3,A,
2,730,3,D,
2,731,4,B,
2,732,2,A,
2,733,4,B,
2,734,3,C,
2,735,3,D,
2,736,4,B,
2,737,3,C,
2,738,2,A,
2,739,4,B,
2,740,3,B,
2,741,2,A,
2,742,3,C,
2,743,3,A,
2,744,2,A,
2,745,2,B,
2,746,4,A,
2,747,3,C,
2,748,2,A,
2,749,3,A,
2,750,4,A,
2,751,2,C,
2,752,3,C,
2,753,3,D,
2,754,3,D,
2,755,4,D,
2,756,4,A,
2,757,2,D,
2,758,2,D,
2,759,4,D,
2,760,2,C,
2,761,3,A,
2,762,4,B,
2,763,4,D,
2,764,2,C,
3,1,2,A,
3,2,3,B,
3,3,3,C,
3,4,3,D,
3,5,3,A,
3,6,4,C,
3,7,4,B,
3,8,4,B,
3,9,4,C,
3,10,2,B,
3,11,2,C,
3,12,4,A,
3,13,2,C,
3,14,2,C,
3,15,2,C,
3,16,2,B,
3,17,4,B,
3,18,3,C,
3,19,4,D,
3,20,4,A,
3,21,2,D,
3,22,2,A,
3,23,4,C,
3,24,2,A,
3,25,4,A,
3,26,3,A,
3,27,2,D,
3,28,2,C,
3,29,3,B,
3,30,3,C,
3,31,3,B,
3,32,4,A,
3,33,3,B,
3,34,4,C,
3,35,2,A,
3,36,4,C,
3,37,3,D,
3,38,2,A,
3,39,2,B,
3,40,4,A,
3,41,3,C,
3,42,2,D,
3,43,4,D,
3,44,3,D,
3,45,3,A,
3,46,2,C,
3,47,4,C,
3,48,3,D,
3,49,4,C,
3,50,3,A,
3,51,2,A,
3,52,4,A,
3,53,2,A,
3,54,2,C,
3,55,4,B,
3,56,3,B,
3,57,2,C,
3,58,3,A,
3,59,2,C,
3,60,4,C,
3,61,3,C,
3,62,2,B,
3,63,2,A,
3,64,2,B,
3,65,2,A,
3,66,4,C,
3,67,2,D,
3,68,3,D,
3,69,2,A,
3,70,2,A,
3,71,2,B,
3,72,3,B,
3,73,4,D,
3,74,2,C,
3,75,2,A,
3,76,3,D,
3,77,4,A,
3,78,3,B,
3,79,2,A,
3,80,2,D,
3,81,2,D,
3,82,3,B,
3,83,4,D,
3,84,2,D,
3,85,2,D,
3,86,3,D,
3,87,2,A,
3,88,4,A,
3,89,3,C,
3,90,2,B,
3,91,3,A,
3,92,3,D,
3,93,2,C,
3,94,4,C,
3,95,3,C,
3,96,3,A,
3,97,2,C,
3,98,3,A,
3,99,4,D,
3,100,4,C,
3,101,2,A,
3,102,2,A,
3,103,3,D,
3,104,3,B,
3,105,2,B,
3,106,4,C,
3,107,2,B,
3,108,3,B,
3,109,3,B,
3,110,3,B,
3,111,2,B,
3,112,3,B,
3,113,4,B,
3,114,3,C,
3,115,2,D,
3,116,3,C,
3,117,2,A,
3,118,2,A,
3,119,3,A,
3,120,4,B,
3,121,4,C,
3,122,4,A,
3,123,3,A,
3,124,4,A,
3,125,4,D,
3,126,2,D,
3,127,2,B,
3,128,4,B,
3,129,3,A,
3,130,3,C,
3,131,4,A,
3,132,2,B,
3,133,4,B,
3,134,3,B,
3,135,2,A,
3,136,3,C,
3,137,3,B,
3,138,2,B,
3,139,3,C,
3,140,4,A,
3,141,2,D,
3,142,4,A,
3,143,2,D,
3,144,3,B,
3,145,4,C,
3,146,2,C,
3,147,4,A,
3,148,4,D,
3,149,2,C,
3,150,3,D,
3,151,3,B,
3,152,2,B,
3,153,2,D,
3,154,2,D,
3,155,2,A,
3,156,2,A,
3,157,4,D,
3,158,4,D,
3,159,3,C,
3,160,3,A,
3,161,4,A,
3,162,2,C,
3,163,2,A,
3,164,2,A,
3,165,4,A,
3,166,2,A,
3,167,3,D,
3,168,4,C,
3,169,3,D,
3,170,2,D,
3,171,3,C,
3,172,4,D,
3,173,3,D,
3,174,4,D,
3,175,4,C,
3,176,3,A,
3,177,4,C,
3,178,3,A,
3,179,3,B,
3,180,4,B,
3,181,4,A,
3,182,4,C,
3,183,4,D,
3,184,4,A,
3,185,2,A,
3,186,2,A,
3,187,3,D,
3,188,4,B,
3,189,2,C,
3,190,4,B,
3,191,4,A,
3,192,3,B,
3,193,2,B,
3,194,3,B,
3,195,4,B,
3,196,4,A,
3,197,3,B,
3,198,3,B,
3,199,2,A,
3,200,4,D,
3,201,2,D,
3,202,2,A,
3,203,4,A,
3,204,3,B,
3,205,4,D,
3,206,2,C,
3,207,2,A,
3,208,3,B,
3,209,3,B,
3,210,4,D,
3,211,3,A,
3,212,2,A,
3,213,3,D,
3,214,2,C,
3,215,4,B,
3,216,4,D,
3,217,4,C,
3,218,4,A,
3,219,3,B,
3,220,2,B,
3,221,2,D,
3,222,2,A,
3,223,3,B,
3,224,2,A,
3,225,3,D,
3,226,3,B,
3,227,4,B,
3,228,3,D,
3,229,4,A,
3,230,3,B,
3,231,3,D,
3,232,2,C,
3,233,3,D,
3,234,3,D,
3,235,2,B,
3,236,2,B,
3,237,3,D,
3,238,3,D,
3,239,2,B,
3,240,3,A,
3,241,4,D,
3,242,3,A,
3,243,4,A,
3,244,4,C,
3,245,3,C,
3,246,3,A,
3,247,2,B,
3,248,2,B,
3,249,3,B,
3,250,3,D,
3,251,2,A,
3,252,3,A,
3,253,3,B,
3,254,2,D,
3,255,2,D,
3,256,4,C,
3,257,3,A,
3,258,4,B,
3,259,3,A,
3,260,2,A,
3,261,2,D,
3,262,4,A,
3,263,3,C,
3,264,4,A,
3,265,2,C,
3,266,4,A,
3,267,3,B,
3,268,3,D,
3,269,4,B,
3,270,3,B,
3,271,3,C,
3,272,4,A,
3,273,3,B,
3,274,2,D,
3,275,4,B,
3,276,2,A,
3,277,4,A,
3,278,3,B,
3,279,4,A,
3,280,4,D,
3,281,4,C,
3,282,2,B,
3,283,4,C,
3,284,3,D,
3,285,4,B,
3,286,3,C,
3,287,4,C,
3,288,4,B,
3,289,2,B,
3,290,2,B,
3,291,4,B,
3,292,3,C,
3,293,2,C,
3,294,3,A,
3,295,4,A,
3,296,3,D,
3,297,4,A,
3,298,2,C,
3,299,2,C,
3,300,3,C,
3,301,2,D,
3,302,2,D,
3,303,4,A,
3,304,4,B,
3,305,3,B,
3,306,4,A,
3,307,3,C,
3,308,3,C,
3,309,2,A,
3,310,4,C,
3,311,4,B,
3,312,2,A,
3,313,2,A,
3,314,4,A,
3,315,3,C,
3,316,2,C,
3,317,3,C,
3,318,4,C,
3,319,4,B,
3,320,3,C,
3,321,2,A,
3,322,3,C,
3,323,2,A,
3,324,3,A,
3,325,3,D,
3,326,4,A,
3,327,2,B,
3,328,2,C,
3,329,4,D,
3,330,3,B,
3,331,2,C,
3,332,4,B,
3,333,3,D,
3,334,4,A,
3,335,4,C,
3,336,4,B,
3,337,2,A,
3,338,2,C,
3,339,4,C,
3,340,3,D,
3,341,2,C,
3,342,2,B,
3,343,2,B,
3,344,2,B,
3,345,4,D,
3,346,4,A,
3,347,3,C,
3,348,2,D,
3,349,2,C,
3,350,2,C,
3,351,2,C,
3,352,4,D,
3,353,2,D,
3,354,4,A,
3,355,3,D,
3,356,3,D,
3,357,3,D,
3,358,4,D,
3,359,2,C,
3,360,2,C,
3,361,3,D,
3,362,2,B,
3,363,3,D,
3,364,4,A,
3,365,2,D,
3,366,3,B,
3,367,3,B,
3,368,4,A,
3,369,2,D,
3,370,2,A,
3,371,3,B,
3,372,3,A,
3,373,3,B,
3,374,3,B,
3,375,3,D,
3,376,4,A,
3,377,3,D,
3,378,3,C,
3,379,4,C,
3,380,2,A,
3,381,2,B,
3,382,4,C,
3,383,3,D,
3,384,3,A,
3,385,4,D,
3,386,3,D,
3,387,3,D,
3,388,4,C,
3,389,2,C,
3,390,2,C,
3,391,2,C,
3,392,3,C,
3,393,2,A,
3,394,3,D,
3,395,3,B,
3,396,3,D,
3,397,3,B,
3,398,2,D,
3,399,2,B,
3,400,4,B,
3,401,3,C,
3,402,4,B,
3,403,2,C,
3,404,3,D,
3,405,4,C,
3,406,3,C,
3,407,4,A,
3,408,3,B,
3,409,4,D,
3,410,3,D,
3,411,4,A,
3,412,4,B,
3,413,2,C,
3,414,3,B,
3,415,2,D,
3,416,3,C,
3,417,3,A,
3,418,3,B,
3,419,4,A,
3,420,2,C,
3,421,3,C,
3,422,4,B,
3,423,3,B,
3,424,2,B,
3,425,2,C,
3,426,4,A,
3,427,4,B,
3,428,4,A,
3,429,3,B,
3,430,2,A,
3,431,4,D,
3,432,3,D,
3,433,3,C,
3,434,4,C,
3,435,4,C,
3,436,4,D,
3,437,4,D,
3,438,3,D,
3,439,3,A,
3,440,2,D,
3,441,4,D,
3,442,3,D,
3,443,4,A,
3,444,3,C,
3,445,3,A,
3,446,2,C,
3,447,3,D,
3,448,4,D,
3,449,2,C,
3,450,4,C,
3,451,2,D,
3,452,4,C,
3,453,3,D,
3,454,3,B,
3,455,2,B,
3,456,4,B,
3,457,3,B,
3,458,2,C,
3,459,3,B,
3,460,2,C,
3,461,3,D,
3,462,4,C,
3,463,2,A,
3,464,4,D,
3,465,3,C,
3,466,3,D,
3,467,3,C,
3,468,3,A,
3,469,4,C,
3,470,2,C,
3,471,4,D,
3,472,3,A,
3,473,4,C,
3,474,2,B,
3,475,2,D,
3,476,2,D,
3,477,4,D,
3,478,3,D,
3,479,2,B,
3,480,4,B,
3,481,4,A,
3,482,2,A,
3,483,3,B,
3,484,2,D,
3,485,2,A,
3,486,4,C,
3,487,3,B,
3,488,2,B,
3,489,4,B,
3,490,3,C,
3,491,2,A,
3,492,4,C,
3,493,3,B,
3,494,3,C,
3,495,3,B,
3,496,2,C,
3,497,3,B,
3,498,4,C,
3,499,2,D,
3,500,4,C,
3,501,2,C,
3,502,2,C,
3,503,2,D,
3,504,3,D,
3,505,4,C,
3,506,2,B,
3,507,2,B,
3,508,2,A,
3,509,2,A,
3,510,3,B,
3,511,2,A,
3,512,2,D,
3,513,3,A,
3,514,4,A,
3,515,2,B,
3,516,3,D,
3,517,4,A,
3,518,3,A,
3,519,3,B,
3,520,2,A,
3,521,2,B,
3,522,3,C,
3,523,2,D,
3,524,3,B,
3,525,2,D,
3,526,2,B,
3,527,2,B,
3,528,4,B,
3,529,4,A,
3,530,4,B,
3,531,4,D,
3,532,2,C,
3,533,2,D,
3,534,2,C,
3,535,2,D,
3,536,4,B,
3,537,3,B,
3,538,2,D,
3,539,3,B,
3,540,2,C,
3,541,2,B,
3,542,4,A,
3,543,4,C,
3,544,4,D,
3,545,4,A,
3,546,3,C,
3,547,4,D,
3,548,3,C,
3,549,4,A,
3,550,4,A,
3,551,4,A,
3,552,3,C,
3,553,3,B,
3,554,4,C,
3,555,3,C,
3,556,2,A,
3,557,4,A,
3,558,4,C,
3,559,2,B,
3,560,2,B,
3,561,2,C,
3,562,3,D,
3,563,2,C,
3,564,2,B,
3,565,2,D,
3,566,2,D,
3,567,2,A,
3,568,4,C,
3,569,3,A,
3,570,3,C,
3,571,3,C,
3,572,4,C,
3,573,2,A,
3,574,3,D,
3,575,2,B,
3,576,2,A,
3,577,3,B,
3,578,3,A,
3,579,2,A,
3,580,4,B,
3,581,2,A,
3,582,4,A,
3,583,4,D,
3,584,3,A,
3,585,2,D,
3,586,3,A,
3,587,3,D,
3,588,2,D,
3,589,4,D,
3,590,3,C,
3,591,3,A,
3,592,3,A,
3,593,3,D,
3,594,2,B,
3,595,3,C,
3,596,3,D,
3,597,2,C,
3,598,3,C,
3,599,2,B,
3,600,2,B,
3,601,2,B,
3,602,2,A,
3,603,2,C,
3,604,3,B,
3,605,4,A,
3,606,3,B,
3,607,4,D,
3,608,2,A,
3,609,3,B,
3,610,4,B,
3,611,2,A,
3,612,2,D,
3,613,2,D,
3,614,3,D,
3,615,3,D,
3,616,2,C,
3,617,4,D,
3,618,4,A,
3,619,4,B,
3,620,4,B,
3,621,2,D,
3,622,2,B,
3,623,3,D,
3,624,3,C,
3,625,2,A,
3,626,4,D,
3,627,2,D,
3,628,2,A,
3,629,4,A,
3,630,2,A,
3,631,3,C,
3,632,2,C,
3,633,4,B,
3,634,4,A,
3,635,4,D,
3,636,3,B,
3,637,4,A,
3,638,2,C,
3,639,2,B,
3,640,3,C,
3,641,4,A,
3,642,4,B,
3,643,4,A,
3,644,4,D,
3,645,3,B,
3,646,4,A,
3,647,3,B,
3,648,4,C,
3,649,4,D,
3,650,2,A,
3,651,2,B,
3,652,3,A,
3,653,2,C,
3,654,2,A,
3,655,4,A,
3,656,3,A,
3,657,3,A,
3,658,4,B,
3,659,4,B,
3,660,2,D,
3,661,4,A,
3,662,3,C,
3,663,3,B,
3,664,4,C,
3,665,4,D,
3,666,3,D,
3,667,2,A,
3,668,3,A,
3,669,4,B,
3,670,2,C,
3,671,3,B,
3,672,2,A,
3,673,4,D,
3,674,2,A,
3,675,4,B,
3,676,2,C,
3,677,2,B,
3,678,3,D,
3,679,3,B,
3,680,4,C,
3,681,4,B,
3,682,4,D,
3,683,4,D,
3,684,2,A,
3,685,4,A,
3,686,3,B,
3,687,2,C,
3,688,3,D,
3,689,2,B,
3,690,4,A,
3,691,2,B,
3,692,3,B,
3,693,2,A,
3,694,3,D,
3,695,3,B,
3,696,3,D,
3,697,2,A,
3,698,3,D,
3,699,2,A,
3,700,3,B,
3,701,4,A,
3,702,3,C,
3,703,2,B,
3,704,2,B,
3,705,4,B,
3,706,2,D,
3,707,3,B,
3,708,4,D,
3,709,4,B,
3,710,3,C,
3,711,2,B,
3,712,3,B,
3,713,3,A,
3,714,4,B,
3,715,4,D,
3,716,2,D,
3,717,4,A,
3,718,2,A,
3,719,3,C,
3,720,3,C,
3,721,2,D,
3,722,3,D,
3,723,3,D,
3,724,4,A,
3,725,3,D,
3,726,4,B,
3,727,4,B,
3,728,2,D,
3,729,4,A,
3,730,2,D,
3,731,2,C,
3,732,4,A,
3,733,3,D,
3,734,2,D,
3,735,2,A,
3,736,2,C,
3,737,3,A,
3,738,4,A,
3,739,3,A,
3,740,4,A,
3,741,2,A,
3,742,2,B,
3,743,4,C,
3,744,4,B,
3,745,3,D,
3,746,4,D,
3,747,4,C,
3,748,2,C,
3,749,4,A,
3,750,3,D,
3,751,3,C,
4,1,4,A,
4,2,4,B,
4,3,3,C,
4,4,4,D,
4,5,3,B,
4,6,4,D,
4,7,4,D,
4,8,4,A,
4,9,2,C,
4,10,2,B,
4,11,4,C,
4,12,2,C,
4,13,4,D,
4,14,2,D,
4,15,2,B,
4,16,2,D,
4,17,3,D,
4,18,4,A,
4,19,2,C,
4,20,4,A,
4,21,3,A,
4,22,4,B,
4,23,4,A,
4,24,2,A,
4,25,4,D,
4,26,4,B,
4,27,4,A,
4,28,2,C,
4,29,4,B,
4,30,4,A,
4,31,2,A,
4,32,2,C,
4,33,4,C,
4,34,3,D,
4,35,3,A,
4,36,4,B,
4,37,3,D,
4,38,2,A,
4,39,4,C,
4,40,3,B,
4,41,3,B,
4,42,4,A,
4,43,3,D,
4,44,2,B,
4,45,3,A,
4,46,4,C,
4,47,3,A,
4,48,2,D,
4,49,3,A,
4,50,2,A,
4,51,4,A,
4,52,3,D,
4,53,2,C,
4,54,3,B,
4,55,2,B,
4,56,2,A,
4,57,3,C,
4,58,3,B,
4,59,2,C,
4,60,3,B,
4,61,4,A,
4,62,2,C,
4,63,4,B,
4,64,2,C,
4,65,2,D,
4,66,3,A,
4,67,2,C,
4,68,4,B,
4,69,2,A,
4,70,4,C,
4,71,3,D,
4,72,3,A,
4,73,2,D,
4,74,3,C,
4,75,3,D,
4,76,3,D,
4,77,4,D,
4,78,3,A,
4,79,2,C,
4,80,2,C,
4,81,4,B,
4,82,4,B,
4,83,2,C,
4,84,4,A,
4,85,2,A,
4,86,4,D,
4,87,4,D,
4,88,4,B,
4,89,2,B,
4,90,4,D,
4,91,3,A,
4,92,2,B,
4,93,2,C,
4,94,2,B,
4,95,3,C,
4,96,4,C,
4,97,2,C,
4,98,2,A,
4,99,4,D,
4,100,4,D,
4,101,2,A,
4,102,3,C,
4,103,4,A,
4,104,2,A,
4,105,2,B,
4,106,3,B,
4,107,4,C,
4,108,3,D,
4,109,2,D,
4,110,3,D,
4,111,3,C,
4,112,2,A,
4,113,2,A,
4,114,4,C,
4,115,3,C,
4,116,3,B,
4,117,2,D,
4,118,3,B,
4,119,2,D,
4,120,3,D,
4,121,3,D,
4,122,2,B,
4,123,2,C,
4,124,2,D,
4,125,4,C,
4,126,2,A,
4,127,4,B,
4,128,2,A,
4,129,2,B,
4,130,4,A,
4,131,2,A,
4,132,3,A,
4,133,4,B,
4,134,3,A,
4,135,4,D,
4,136,4,A,
4,137,2,A,
4,138,4,B,
4,139,4,C,
4,140,2,A,
4,141,3,A,
4,142,4,D,
4,143,4,C,
4,144,4,A,
4,145,3,A,
4,146,4,A,
4,147,2,B,
4,148,2,C,
4,149,2,A,
4,150,3,B,
4,151,2,A,
4,152,4,C,
4,153,4,D,
4,154,3,A,
4,155,4,B,
4,156,3,B,
4,157,2,D,
4,158,2,B,
4,159,2,B,
4,160,4,D,
4,161,4,B,
4,162,2,A,
4,163,4,C,
4,164,4,B,
4,165,2,D,
4,166,2,A,
4,167,3,A,
4,168,3,D,
4,169,3,D,
4,170,4,D,
4,171,3,A,
4,172,3,D,
4,173,3,B,
4,174,4,D,
4,175,4,A,
4,176,4,C,
4,177,2,D,
4,178,2,B,
4,179,2,B,
4,180,2,A,
4,181,4,D,
4,182,2,C,
4,183,3,C,
4,184,2,D,
4,185,2,A,
4,186,4,D,
4,187,2,C,
4,188,4,C,
4,189,2,A,
4,190,3,B,
4,191,2,C,
4,192,2,D,
4,193,3,B,
4,194,4,B,
4,195,2,D,
4,196,4,D,
4,197,3,A,
4,198,3,C,
4,199,2,C,
4,200,4,B,
4,201,2,D,
4,202,3,B,
4,203,2,D,
4,204,4,D,
4,205,3,C,
4,206,4,C,
4,207,3,A,
4,208,3,A,
4,209,4,A,
4,210,3,B,
4,211,3,B,
4,212,3,A,
4,213,3,B,
4,214,3,D,
4,215,3,D,
4,216,2,A,
4,217,3,D,
4,218,4,B,
4,219,2,B,
4,220,4,B,
4,221,4,D,
4,222,2,B,
4,223,2,C,
4,224,4,C,
4,225,3,C,
4,226,4,B,
4,227,2,D,
4,228,3,D,
4,229,3,D,
4,230,4,B,
4,231,4,B,
4,232,3,D,
4,233,3,D,
4,234,2,B,
4,235,3,B,
4,236,2,B,
4,237,2,D,
4,238,4,A,
4,239,4,D,
4,240,4,A,
4,241,2,A,
4,242,3,C,
4,243,2,A,
4,244,2,B,
4,245,4,C,
4,246,4,B,
4,247,3,B,
4,248,2,B,
4,249,4,A,
4,250,4,A,
4,251,2,A,
4,252,2,B,
4,253,3,A,
4,254,3,A,
4,255,3,A,
4,256,4,A,
4,257,3,D,
4,258,4,A,
4,259,2,A,
4,260,3,B,
4,261,3,B,
4,262,4,D,
4,263,4,B,
4,264,2,D,
4,265,2,D,
4,266,3,B,
4,267,3,D,
4,268,4,B,
4,269,2,B,
4,270,3,A,
4,271,2,B,
4,272,4,C,
4,273,3,C,
4,274,4,B,
4,275,2,C,
4,276,2,B,
4,277,3,D,
4,278,3,A,
4,279,3,A,
4,280,3,C,
4,281,2,B,
4,282,4,A,
4,283,2,B,
4,284,3,C,
4,285,2,D,
4,286,3,A,
4,287,4,D,
4,288,2,C,
4,289,3,B,
4,290,4,D,
4,291,4,B,
4,292,4,D,
4,293,3,A,
4,294,4,A,
4,295,2,A,
4,296,2,B,
4,297,2,C,
4,298,3,A,
4,299,4,D,
4,300,2,A,
4,301,2,C,
4,302,3,A,
4,303,3,B,
4,304,3,C,
4,305,2,B,
4,306,2,B,
4,307,4,B,
4,308,4,C,
4,309,3,C,
4,310,2,D,
4,311,2,D,
4,312,2,C,
4,313,3,C,
4,314,4,A,
4,315,3,A,
4,316,3,D,
4,317,3,A,
4,318,2,A,
4,319,2,A,
4,320,3,C,
4,321,3,C,
4,322,3,A,
4,323,3,C,
4,324,4,B,
4,325,3,A,
4,326,3,C,
4,327,3,D,
4,328,2,D,
4,329,2,C,
4,330,2,D,
4,331,2,D,
4,332,3,A,
4,333,3,B,
4,334,2,C,
4,335,2,C,
4,336,2,A,
4,337,3,D,
4,338,3,B,
4,339,2,C,
4,340,2,C,
4,341,2,A,
4,342,3,A,
4,343,3,C,
4,344,4,A,
4,345,3,B,
4,346,2,D,
4,347,2,A,
4,348,2,A,
4,349,3,B,
4,350,3,D,
4,351,3,C,
4,352,2,B,
4,353,4,D,
4,354,2,C,
4,355,4,B,
4,356,2,D,
4,357,4,A,
4,358,2,A,
4,359,4,D,
4,360,2,A,
4,361,3,D,
4,362,2,B,
4,363,3,B,
4,364,4,C,
4,365,4,D,
4,366,3,A,
4,367,2,A,
4,368,3,A,
4,369,3,D,
4,370,3,D,
4,371,2,D,
4,372,3,D,
4,373,2,A,
4,374,3,D,
4,375,3,D,
4,376,2,D,
4,377,3,A,
4,378,3,D,
4,379,3,C,
4,380,3,A,
4,381,2,D,
4,382,4,C,
4,383,4,D,
4,384,3,B,
4,385,2,B,
4,386,4,A,
4,387,4,A,
4,388,4,C,
4,389,3,B,
4,390,4,D,
4,391,3,D,
4,392,2,D,
4,393,2,C,
4,394,3,B,
4,395,4,B,
4,396,4,B,
4,397,2,D,
4,398,3,B,
4,399,3,D,
4,400,3,A,
4,401,4,D,
4,402,4,A,
4,403,2,A,
4,404,4,B,
4,405,3,D,
4,406,2,C,
4,407,2,D,
4,408,2,C,
4,409,2,B,
4,410,2,C,
4,411,2,B,
4,412,4,A,
4,413,3,A,
4,414,3,D,
4,415,2,D,
4,416,2,C,
4,417,3,A,
4,418,2,A,
4,419,2,D,
4,420,3,D,
4,421,2,A,
4,422,2,D,
4,423,4,B,
4,424,2,D,
4,425,4,B,
4,426,4,C,
4,427,2,B,
4,428,2,B,
4,429,4,B,
4,430,3,D,
4,431,3,C,
4,432,2,A,
4,433,4,B,
4,434,2,B,
4,435,4,D,
4,436,3,A,
4,437,2,C,
4,438,2,A,
4,439,4,D,
4,440,4,C,
4,441,4,B,
4,442,3,B,
4,443,2,A,
4,444,3,C,
4,445,3,A,
4,446,4,C,
4,447,2,C,
4,448,2,A,
4,449,2,C,
4,450,4,C,
4,451,2,C,
4,452,4,B,
4,453,4,B,
4,454,2,C,
4,455,4,D,
4,456,4,C,
4,457,2,C,
4,458,4,A,
4,459,3,C,
4,460,4,A,
4,461,4,C,
4,462,2,A,
4,463,3,B,
4,464,2,D,
4,465,4,C,
4,466,4,D,
4,467,4,C,
4,468,2,C,
4,469,3,D,
4,470,3,C,
4,471,3,D,
4,472,2,A,
4,473,2,A,
4,474,3,C,
4,475,2,C,
4,476,3,D,
4,477,3,D,
4,478,4,A,
4,479,2,C,
4,480,3,A,
4,481,4,B,
4,482,2,B,
4,483,4,C,
4,484,3,C,
4,485,4,A,
4,486,2,B,
4,487,2,D,
4,488,2,B,
4,489,2,B,
4,490,4,B,
4,491,4,A,
4,492,2,D,
4,493,3,D,
4,494,4,A,
4,495,2,B,
4,496,4,B,
4,497,2,C,
4,498,4,D,
4,499,4,B,
4,500,2,B,
4,501,3,C,
4,502,3,D,
4,503,4,A,
4,504,3,C,
4,505,3,C,
4,506,2,C,
4,507,4,D,
4,508,4,D,
4,509,4,B,
4,510,2,D,
4,511,2,A,
4,512,4,C,
4,513,4,B,
4,514,2,A,
4,515,2,C,
4,516,3,A,
4,517,2,A,
4,518,2,C,
4,519,4,C,
4,520,3,C,
4,521,4,B,
4,522,3,A,
4,523,2,C,
4,524,3,A,
4,525,2,C,
4,526,4,A,
4,527,2,D,
4,528,3,A,
4,529,3,C,
4,530,2,D,
4,531,2,D,
4,532,3,A,
4,533,4,C,
4,534,2,D,
4,535,4,C,
4,536,3,A,
4,537,4,A,
4,538,4,C,
4,539,2,D,
4,540,2,A,
4,541,3,D,
4,542,3,B,
4,543,3,A,
4,544,2,B,
4,545,3,A,
4,546,4,A,
4,547,4,A,
4,548,4,D,
4,549,2,C,
4,550,2,A,
4,551,2,B,
4,552,4,B,
4,553,2,C,
4,554,3,A,
4,555,2,C,
4,556,2,B,
4,557,4,D,
4,558,4,C,
4,559,2,A,
4,560,4,B,
4,561,2,A,
4,562,2,C,
4,563,2,A,
4,564,2,D,
4,565,4,A,
4,566,2,B,
4,567,4,A,
4,568,3,B,
4,569,3,D,
4,570,3,A,
4,571,2,C,
4,572,4,A,
4,573,3,A,
4,574,2,A,
4,575,2,D,
4,576,3,A,
4,577,3,C,
4,578,4,B,
4,579,3,B,
4,580,3,B,
4,581,4,D,
4,582,3,A,
4,583,4,C,
4,584,2,C,
4,585,3,D,
4,586,2,D,
4,587,2,A,
4,588,4,A,
4,589,4,A,
4,590,2,C,
4,591,2,A,
4,592,3,D,
4,593,4,B,
4,594,3,B,
4,595,3,A,
4,596,4,D,
4,597,4,B,
4,598,2,B,
4,599,4,D,
4,600,4,C,
4,601,2,B,
4,602,2,A,
4,603,2,B,
4,604,4,A,
4,605,3,B,
4,606,4,C,
4,607,3,B,
4,608,2,B,
4,609,4,A,
4,610,4,C,
4,611,3,A,
4,612,4,D,
4,613,3,A,
4,614,3,D,
4,615,3,A,
4,616,2,D,
4,617,4,C,
4,618,4,A,
4,619,2,A,
4,620,3,B,
4,621,4,A,
4,622,2,B,
4,623,4,C,
4,624,3,B,
4,625,2,B,
4,626,3,B,
4,627,2,A,
4,628,3,C,
4,629,4,C,
4,630,3,A,
4,631,2,A,
4,632,3,D,
4,633,3,C,
4,634,3,D,
4,635,4,C,
4,636,2,D,
4,637,2,B,
4,638,3,D,
4,639,3,C,
4,640,2,D,
4,641,2,C,
4,642,4,B,
4,643,2,D,
4,644,4,D,
4,645,3,A,
4,646,3,D,
4,647,3,C,
4,648,2,A,
4,649,2,C,
4,650,2,A,
4,651,4,C,
4,652,3,C,
4,653,2,B,
4,654,4,A,
4,655,3,C,
4,656,3,B,
4,657,3,B,
4,658,3,A,
4,659,4,B,
4,660,4,B,
4,661,3,B,
4,662,4,A,
4,663,3,B,
4,664,4,A,
4,665,3,B,
4,666,3,D,
4,667,3,A,
4,668,2,A,
4,669,4,A,
4,670,2,C,
4,671,4,B,
4,672,3,C,
4,673,4,C,
4,674,3,D,
4,675,4,A,
4,676,2,B,
4,677,2,B,
4,678,2,A,
4,679,4,D,
4,680,4,B,
4,681,2,B,
4,682,3,D,
4,683,4,C,
4,684,2,B,
4,685,3,B,
4,686,2,B,
4,687,3,B,
4,688,3,A,
4,689,3,C,
4,690,4,C,
4,691,3,B,
4,692,3,D,
4,693,3,C,
4,694,4,D,
4,695,3,A,
4,696,3,D,
4,697,4,D,
4,698,4,B,
4,699,4,A,
4,700,3,D,
4,701,2,A,
4,702,3,C,
4,703,2,D,
4,704,3,D,
4,705,4,D,
4,706,4,D,
4,707,2,B,
4,708,3,D,
4,709,3,A,
4,710,2,A,
4,711,3,B,
4,712,3,D,
4,713,4,A,
4,714,2,C,
4,715,4,D,
4,716,4,C,
4,717,3,B,
4,718,3,C,
4,719,2,A,
4,720,4,A,
4,721,3,D,
4,722,3,C,
4,723,3,A,
4,724,2,B,
4,725,2,D,
4,726,3,C,
4,727,2,D,
4,728,3,D,
4,729,3,C,
4,730,4,D,
4,731,3,A,
4,732,4,D,
4,733,4,A,
4,734,4,D,
4,735,4,B,
4,736,2,C,
4,737,2,B,
4,738,4,C,
4,739,3,B,
4,740,4,C,
4,741,2,A,
4,742,2,A,
4,743,2,B,
4,744,2,B,
4,745,3,B,
4,746,3,A,
4,747,3,A,
4,748,3,C,
4,749,3,C,
4,750,4,A,
4,751,3,C,
4,752,4,B,
4,753,4,A,
4,754,2,B,
4,755,2,B,
5,1,4,A,
5,2,4,B,
5,3,2,C,
5,4,2,D,
5,5,3,C,
5,6,2,B,
5,7,2,D,
5,8,2,D,
5,9,2,C,
5,10,4,B,
5,11,3,B,
5,12,4,D,
5,13,2,A,
5,14,2,A,
5,15,3,B,
5,16,4,A,
5,17,3,A,
5,18,4,C,
5,19,2,B,
5,20,4,C,
5,21,4,A,
5,22,4,D,
5,23,2,B,
5,24,2,A,
5,25,2,B,
5,26,3,B,
5,27,2,D,
5,28,3,A,
5,29,2,B,
5,30,3,C,
5,31,2,C,
5,32,4,D,
5,33,2,C,
5,34,3,A,
5,35,4,A,
5,36,3,D,
5,37,3,B,
5,38,4,A,
5,39,4,C,
5,40,2,A,
5,41,2,C,
5,42,3,C,
5,43,4,D,
5,44,4,D,
5,45,3,B,
5,46,4,A,
5,47,3,A,
5,48,2,C,
5,49,2,B,
5,50,2,B,
5,51,2,A,
5,52,2,B,
5,53,2,B,
5,54,3,D,
5,55,2,A,
5,56,3,B,
5,57,3,B,
5,58,3,D,
5,59,4,A,
5,60,3,B,
5,61,3,D,
5,62,3,A,
5,63,2,D,
5,64,3,D,
5,65,3,D,
5,66,2,A,
5,67,2,A,
5,68,4,A,
5,69,4,B,
5,70,4,D,
5,71,2,B,
5,72,4,C,
5,73,2,D,
5,74,4,B,
5,75,4,A,
5,76,3,C,
5,77,4,A,
5,78,3,C,
5,79,4,B,
5,80,3,D,
5,81,3,C,
5,82,4,B,
5,83,3,B,
5,84,2,D,
5,85,4,B,
5,86,4,B,
5,87,3,D,
5,88,4,A,
5,89,4,D,
5,90,3,A,
5,91,3,A,
5,92,3,C,
5,93,4,A,
5,94,2,C,
5,95,3,C,
5,96,3,B,
5,97,3,B,
5,98,4,A,
5,99,4,A,
5,100,4,A,
5,101,2,D,
5,102,3,B,
5,103,3,B,
5,104,4,A,
5,105,4,D,
5,106,4,C,
5,107,4,D,
5,108,4,A,
5,109,4,A,
5,110,3,C,
5,111,4,D,
5,112,2,C,
5,113,2,A,
5,114,4,A,
5,115,3,C,
5,116,2,B,
5,117,3,D,
5,118,3,A,
5,119,4,B,
5,120,3,C,
5,121,3,B,
5,122,4,B,
5,123,4,D,
5,124,2,A,
5,125,2,C,
5,126,3,B,
5,127,2,B,
5,128,2,A,
5,129,3,B,
5,130,4,D,
5,131,3,C,
5,132,4,B,
5,133,4,D,
5,134,3,D,
5,135,2,B,
5,136,4,C,
5,137,4,C,
5,138,2,A,
5,139,2,B,
5,140,2,C,
5,141,3,B,
5,142,3,A,
5,143,3,D,
5,144,4,D,
5,145,4,D,
5,146,2,C,
5,147,4,D,
5,148,3,D,
5,149,2,A,
5,150,3,D,
5,151,4,B,
5,152,3,C,
5,153,4,A,
5,154,3,A,
5,155,3,B,
5,156,3,B,
5,157,4,C,
5,158,3,A,
5,159,4,C,
5,160,3,C,
5,161,2,C,
5,162,2,C,
5,163,3,B,
5,164,3,A,
5,165,4,C,
5,166,3,A,
5,167,4,B,
5,168,2,B,
5,169,3,D,
5,170,4,A,
5,171,2,D,
5,172,4,C,
5,173,4,A,
5,174,3,D,
5,175,3,D,
5,176,2,B,
5,177,4,D,
5,178,3,C,
5,179,2,B,
5,180,2,C,
5,181,2,D,
5,182,4,C,
5,183,3,C,
5,184,2,D,
5,185,2,B,
5,186,3,D,
5,187,3,D,
5,188,2,D,
5,189,3,D,
5,190,3,C,
5,191,4,B,
5,192,4,B,
5,193,4,C,
5,194,3,A,
5,195,4,B,
5,196,3,B,
5,197,4,B,
5,198,4,C,
5,199,2,D,
5,200,2,A,
5,201,3,A,
5,202,4,D,
5,203,2,C,
5,204,4,D,
5,205,4,A,
5,206,4,C,
5,207,4,C,
5,208,2,B,
5,209,2,D,
5,210,3,C,
5,211,3,C,
5,212,3,C,
5,213,4,D,
5,214,2,A,
5,215,2,A,
5,216,3,A,
5,217,4,A,
5,218,3,C,
5,219,3,D,
5,220,3,B,
5,221,3,A,
5,222,4,D,
5,223,4,B,
5,224,3,B,
5,225,4,A,
5,226,4,D,
5,227,3,D,
5,228,2,B,
5,229,4,D,
5,230,4,D,
5,231,4,A,
5,232,2,B,
5,233,2,B,
5,234,3,A,
5,235,3,A,
5,236,4,D,
5,237,4,A,
5,238,4,B,
5,239,2,D,
5,240,3,A,
5,241,4,A,
5,242,4,B,
5,243,2,C,
5,244,2,A,
5,245,3,A,
5,246,4,D,
5,247,2,B,
5,248,2,C,
5,249,4,D,
5,250,3,B,
5,251,2,D,
5,252,3,B,
5,253,4,C,
5,254,3,A,
5,255,2,D,
5,256,3,D,
5,257,2,C,
5,258,2,D,
5,259,4,D,
5,260,2,A,
5,261,3,A,
5,262,3,B,
5,263,2,A,
5,264,2,B,
5,265,2,A,
5,266,3,B,
5,267,3,D,
5,268,3,A,
5,269,2,D,
5,270,2,D,
5,271,2,A,
5,272,4,C,
5,273,3,B,
5,274,2,C,
5,275,3,A,
5,276,2,B,
5,277,3,B,
5,278,2,A,
5,279,2,D,
5,280,4,C,
5,281,2,B,
5,282,4,D,
5,283,3,B,
5,284,2,C,
5,285,3,D,
5,286,3,A,
5,287,4,A,
5,288,3,C,
5,289,4,D,
5,290,4,D,
5,291,3,B,
5,292,3,A,
5,293,2,D,
5,294,2,B,
5,295,3,B,
5,296,4,D,
5,297,3,A,
5,298,4,D,
5,299,3,A,
5,300,3,A,
5,301,3,C,
5,302,2,C,
5,303,2,B,
5,304,4,D,
5,305,3,D,
5,306,4,C,
5,307,2,A,
5,308,2,B,
5,309,3,C,
5,310,3,B,
5,311,3,D,
5,312,2,C,
5,313,3,D,
5,314,3,A,
5,315,3,B,
5,316,2,A,
5,317,4,B,
5,318,2,B,
5,319,2,D,
5,320,4,A,
5,321,4,D,
5,322,3,C,
5,323,2,C,
5,324,2,A,
5,325,3,D,
5,326,3,D,
5,327,4,D,
5,328,4,D,
5,329,3,B,
5,330,3,C,
5,331,4,A,
5,332,3,D,
5,333,3,A,
5,334,3,A,
5,335,4,C,
5,336,2,C,
5,337,2,D,
5,338,3,D,
5,339,2,D,
5,340,2,C,
5,341,4,A,
5,342,4,C,
5,343,4,D,
5,344,2,D,
5,345,3,A,
5,346,4,C,
5,347,4,D,
5,348,2,A,
5,349,4,A,
5,350,2,B,
5,351,3,A,
5,352,3,C,
5,353,3,C,
5,354,3,D,
5,355,4,A,
5,356,4,B,
5,357,3,A,
5,358,4,C,
5,359,4,C,
5,360,2,D,
5,361,2,A,
5,362,4,D,
5,363,3,D,
5,364,4,A,
5,365,2,B,
5,366,2,D,
5,367,3,A,
5,368,4,A,
5,369,2,A,
5,370,3,B,
5,371,4,D,
5,372,2,D,
5,373,2,B,
5,374,4,C,
5,375,2,B,
5,376,3,C,
5,377,3,D,
5,378,4,A,
5,379,2,A,
5,380,3,A,
5,381,4,A,
5,382,3,D,
5,383,3,A,
5,384,2,D,
5,385,4,C,
5,386,3,D,
5,387,4,D,
5,388,2,C,
5,389,2,A,
5,390,2,A,
5,391,2,A,
5,392,2,C,
5,393,4,B,
5,394,4,D,
5,395,3,B,
5,396,2,C,
5,397,4,C,
5,398,2,C,
5,399,4,A,
5,400,2,A,
5,401,4,C,
5,402,3,A,
5,403,2,B,
5,404,4,A,
5,405,3,C,
5,406,4,B,
5,407,3,A,
5,408,3,D,
5,409,4,A,
5,410,4,D,
5,411,2,A,
5,412,3,B,
5,413,2,A,
5,414,4,C,
5,415,4,D,
5,416,4,D,
5,417,3,D,
5,418,3,B,
5,419,2,C,
5,420,3,B,
5,421,3,A,
5,422,4,A,
5,423,2,A,
5,424,3,D,
5,425,4,B,
5,426,4,C,
5,427,3,D,
5,428,4,C,
5,429,3,D,
5,430,4,C,
5,431,2,B,
5,432,2,C,
5,433,4,D,
5,434,2,D,
5,435,3,C,
5,436,3,D,
5,437,3,C,
5,438,2,B,
5,439,3,D,
5,440,4,C,
5,441,2,D,
5,442,3,B,
5,443,4,A,
5,444,4,C,
5,445,4,B,
5,446,2,A,
5,447,3,A,
5,448,2,A,
5,449,2,A,
5,450,4,B,
5,451,3,B,
5,452,4,B,
5,453,4,D,
5,454,4,B,
5,455,2,D,
5,456,2,D,
5,457,3,B,
5,458,3,D,
5,459,4,B,
5,460,2,A,
5,461,3,C,
5,462,3,A,
5,463,4,D,
5,464,4,C,
5,465,2,A,
5,466,4,D,
5,467,4,C,
5,468,2,C,
5,469,4,B,
5,470,3,D,
5,471,3,B,
5,472,2,B,
5,473,4,C,
5,474,3,D,
5,475,2,B,
5,476,4,B,
5,477,4,B,
5,478,2,A,
5,479,4,B,
5,480,2,D,
5,481,3,C,
5,482,2,A,
5,483,2,B,
5,484,4,D,
5,485,4,B,
5,486,3,A,
5,487,4,D,
5,488,4,D,
5,489,4,B,
5,490,3,D,
5,491,3,B,
5,492,3,B,
5,493,2,C,
5,494,2,B,
5,495,4,D,
5,496,2,C,
5,497,2,D,
5,498,2,D,
5,499,4,C,
5,500,3,C,
5,501,2,C,
5,502,2,A,
5,503,3,D,
5,504,4,D,
5,505,4,D,
5,506,4,C,
5,507,3,B,
5,508,3,B,
5,509,2,B,
5,510,2,B,
5,511,2,D,
5,512,3,C,
5,513,2,C,
5,514,3,C,
5,515,4,D,
5,516,3,D,
5,517,2,A,
5,518,3,C,
5,519,2,C,
5,520,4,C,
5,521,2,D,
5,522,3,C,
5,523,2,B,
5,524,3,A,
5,525,4,A,
5,526,3,D,
5,527,3,B,
5,528,3,C,
5,529,2,B,
5,530,3,C,
5,531,3,B,
5,532,2,A,
5,533,3,B,
5,534,3,B,
5,535,2,B,
5,536,2,B,
5,537,3,C,
5,538,2,C,
5,539,4,A,
5,540,4,C,
5,541,4,D,
5,542,4,A,
5,543,2,C,
5,544,2,C,
5,545,4,C,
5,546,2,D,
5,547,3,D,
5,548,2,A,
5,549,3,A,
5,550,4,B,
5,551,4,C,
5,552,3,B,
5,553,3,A,
5,554,4,D,
5,555,4,D,
5,556,2,A,
5,557,3,A,
5,558,2,B,
5,559,4,C,
5,560,4,C,
5,561,2,D,
5,562,4,C,
5,563,3,C,
5,564,3,C,
5,565,3,C,
5,566,4,B,
5,567,2,A,
5,568,3,D,
5,569,3,B,
5,570,2,B,
5,571,3,D,
5,572,2,B,
5,573,2,B,
5,574,4,A,
5,575,4,D,
5,576,3,B,
5,577,4,B,
5,578,3,C,
5,579,3,C,
5,580,4,B,
5,581,4,B,
5,582,3,A,
5,583,2,D,
5,584,2,C,
5,585,4,B,
5,586,4,B,
5,587,3,B,
5,588,4,D,
5,589,2,C,
5,590,3,A,
5,591,2,B,
5,592,3,B,
5,593,2,A,
5,594,2,A,
5,595,4,A,
5,596,2,B,
5,597,3,D,
5,598,4,D,
5,599,2,C,
5,600,4,C,
5,601,3,A,
5,602,3,D,
5,603,2,D,
5,604,4,A,
5,605,4,B,
5,606,4,D,
5,607,3,D,
5,608,3,B,
5,609,3,B,
5,610,2,A,
5,611,3,D,
5,612,2,B,
5,613,2,A,
5,614,4,A,
5,615,2,B,
5,616,4,C,
5,617,3,D,
5,618,2,C,
5,619,4,D,
5,620,2,A,
5,621,3,C,
5,622,2,D,
5,623,4,D,
5,624,4,B,
5,625,3,D,
5,626,3,A,
5,627,3,C,
5,628,3,C,
5,629,2,A,
5,630,2,D,
5,631,3,B,
5,632,4,A,
5,633,3,D,
5,634,4,D,
5,635,2,B,
5,636,4,D,
5,637,3,C,
5,638,3,A,
5,639,4,B,
5,640,3,C,
5,641,3,D,
5,642,3,A,
5,643,2,C,
5,644,4,D,
5,645,3,A,
5,646,3,A,
5,647,2,B,
5,648,3,D,
5,649,3,B,
5,650,4,B,
5,651,2,D,
5,652,3,B,
5,653,4,A,
5,654,4,C,
5,655,4,C,
5,656,3,D,
5,657,4,A,
5,658,2,A,
5,659,3,A,
5,660,2,C,
5,661,2,D,
5,662,2,B,
5,663,3,B,
5,664,4,C,
5,665,2,C,
5,666,2,C,
5,667,2,C,
5,668,4,C,
5,669,4,A,
5,670,4,A,
5,671,3,B,
5,672,4,C,
5,673,2,A,
5,674,2,B,
5,675,3,B,
5,676,4,C,
5,677,3,D,
5,678,2,C,
5,679,4,A,
5,680,2,B,
5,681,4,B,
5,682,4,A,
5,683,2,B,
5,684,2,C,
5,685,2,D,
5,686,4,C,
5,687,4,B,
5,688,4,A,
5,689,3,B,
5,690,2,B,
5,691,4,D,
5,692,3,B,
5,693,4,B,
5,694,3,A,
5,695,4,D,
5,696,4,C,
5,697,2,C,
5,698,4,A,
5,699,2,B,
5,700,3,C,
5,701,4,B,
5,702,4,B,
5,703,2,D,
5,704,3,B,
5,705,3,D,
5,706,2,C,
5,707,3,B,
5,708,2,B,
5,709,3,A,
5,710,2,C,
5,711,2,C,
5,712,2,D,
5,713,3,C,
5,714,3,A,
5,715,2,D,
5,716,4,B,
5,717,4,B,
5,718,3,C,
5,719,3,C,
5,720,2,C,
5,721,2,B,
5,722,2,D,
5,723,3,C,
5,724,4,A,
5,725,2,C,
5,726,4,B,
5,727,4,B,
5,728,4,C,
5,729,4,A,
5,730,3,A,
5,731,2,C,
5,732,4,A,
5,733,3,C,
5,734,2,B,
5,735,2,B,
5,736,2,B,
5,737,4,D,
5,738,3,A,
5,739,2,C,
5,740,2,C,
5,741,2,C,
5,742,2,C,
5,743,3,A,
5,744,2,B,
5,745,4,C,
5,746,2,B,
5,747,2,A,
5,748,4,C,
5,749,2,A,
5,750,2,B,
5,751,2,B,
5,752,3,A,
5,753,2,D,
5,754,3,D,
5,755,4,D,
5,756,2,D,
5,757,4,B,
5,758,3,C,
5,759,2,B,
5,760,4,A,
5,761,2,D,
5,762,4,C,
5,763,2,D,
5,764,3,B,
5,765,2,C,
5,766,3,C,
5,767,2,B,
5,768,2,B,
5,769,4,B,
5,770,4,A,
5,771,2,A,
5,772,2,B,
5,773,2,A,
5,774,4,A,
5,775,2,C,
5,776,2,D,
5,777,2,C,
5,778,3,C,
5,779,3,C,
5,780,3,B,
5,781,2,D,
5,782,2,B,
5,783,2,A,
5,784,2,B,
6,1,4,A,
6,2,4,B,
6,3,2,C,
6,4,4,D,
6,5,3,C,
6,6,4,A,
6,7,4,C,
6,8,4,B,
6,9,2,B,
6,10,3,C,
6,11,2,D,
6,12,2,A,
6,13,4,B,
6,14,4,D,
6,15,2,B,
6,16,4,D,
6,17,2,C,
6,18,3,A,
6,19,3,B,
6,20,3,C,
6,21,4,C,
6,22,3,C,
6,23,3,A,
6,24,2,B,
6,25,4,A,
6,26,4,B,
6,27,4,D,
6,28,2,C,
6,29,4,C,
6,30,3,D,
6,31,4,B,
6,32,2,B,
6,33,4,A,
6,34,4,C,
6,35,3,D,
6,36,3,D,
6,37,4,A,
6,38,4,B,
6,39,2,B,
6,40,4,D,
6,41,2,A,
6,42,3,D,
6,43,4,D,
6,44,2,C,
6,45,4,A,
6,46,4,B,
6,47,2,A,
6,48,2,D,
6,49,2,A,
6,50,2,B,
6,51,2,D,
6,52,2,B,
6,53,4,D,
6,54,4,C,
6,55,4,B,
6,56,4,B,
6,57,4,D,
6,58,2,C,
6,59,3,B,
6,60,2,D,
6,61,3,D,
6,62,2,C,
6,63,2,A,
6,64,3,A,
6,65,2,B,
6,66,3,B,
6,67,2,C,
6,68,2,C,
6,69,2,A,
6,70,2,B,
6,71,3,C,
6,72,2,A,
6,73,3,A,
6,74,2,A,
6,75,3,B,
6,76,3,A,
6,77,4,D,
6,78,4,D,
6,79,3,A,
6,80,2,D,
6,81,3,D,
6,82,3,B,
6,83,3,B,
6,84,3,D,
6,85,4,C,
6,86,2,B,
6,87,4,D,
6,88,3,C,
6,89,4,A,
6,90,3,C,
6,91,4,B,
6,92,4,D,
6,93,3,A,
6,94,3,D,
6,95,3,A,
6,96,4,C,
6,97,4,A,
6,98,4,C,
6,99,4,A,
6,100,2,B,
6,101,2,B,
6,102,2,D,
6,103,3,A,
6,104,3,D,
6,105,2,D,
6,106,4,A,
6,107,3,C,
6,108,3,B,
6,109,2,D,
6,110,2,C,
6,111,2,A,
6,112,4,B,
6,113,2,A,
6,114,4,D,
6,115,3,C,
6,116,3,A,
6,117,2,B,
6,118,4,B,
6,119,4,C,
6,120,3,B,
6,121,3,C,
6,122,2,D,
6,123,4,C,
6,124,3,C,
6,125,4,A,
6,126,4,D,
6,127,3,A,
6,128,2,D,
6,129,4,D,
6,130,2,C,
6,131,4,A,
6,132,3,A,
6,133,4,C,
6,134,4,B,
6,135,3,B,
6,136,2,B,
6,137,2,A,
6,138,2,A,
6,139,4,A,
6,140,2,C,
6,141,2,C,
6,142,2,A,
6,143,4,B,
6,144,2,B,
6,145,3,D,
6,146,3,C,
6,147,2,B,
6,148,4,C,
6,149,4,C,
6,150,2,A,
6,151,3,A,
6,152,2,D,
6,153,3,B,
6,154,3,C,
6,155,3,C,
6,156,2,A,
6,157,4,D,
6,158,4,A,
6,159,2,D,
6,160,2,B,
6,161,2,B,
6,162,4,A,
6,163,3,A,
6,164,3,C,
6,165,3,B,
6,166,4,A,
6,167,2,C,
6,168,2,B,
6,169,4,D,
6,170,2,B,
6,171,2,B,
6,172,4,B,
6,173,3,D,
6,174,2,D,
6,175,2,B,
6,176,2,A,
6,177,3,B,
6,178,4,D,
6,179,3,D,
6,180,4,A,
6,181,2,C,
6,182,2,D,
6,183,3,D,
6,184,2,A,
6,185,2,C,
6,186,2,D,
6,187,3,C,
6,188,3,B,
6,189,3,A,
6,190,4,A,
6,191,3,A,
6,192,4,A,
6,193,3,D,
6,194,4,C,
6,195,3,B,
6,196,4,B,
6,197,3,D,
6,198,4,D,
6,199,2,D,
6,200,3,A,
6,201,3,A,
6,202,3,D,
6,203,3,C,
6,204,3,C,
6,205,4,A,
6,206,4,D,
6,207,2,D,
6,208,3,C,
6,209,3,B,
6,210,2,C,
6,211,4,C,
6,212,4,B,
6,213,2,A,
6,214,4,B,
6,215,3,B,
6,216,2,B,
6,217,4,C,
6,218,3,D,
6,219,4,D,
6,220,2,D,
6,221,4,B,
6,222,3,D,
6,223,4,B,
6,224,3,B,
6,225,2,D,
6,226,3,C,
6,227,2,D,
6,228,2,A,
6,229,3,C,
6,230,4,A,
6,231,4,B,
6,232,2,A,
6,233,4,A,
6,234,4,C,
6,235,4,D,
6,236,2,A,
6,237,2,C,
6,238,4,A,
6,239,3,C,
6,240,2,B,
6,241,4,A,
6,242,3,B,
6,243,4,A,
6,244,4,C,
6,245,4,D,
6,246,4,D,
6,247,2,D,
6,248,3,B,
6,249,4,B,
6,250,4,C,
6,251,4,A,
6,252,4,B,
6,253,4,B,
6,254,4,C,
6,255,2,D,
6,256,3,D,
6,257,2,B,
6,258,2,B,
6,259,3,B,
6,260,4,D,
6,261,3,D,
6,262,3,C,
6,263,4,A,
6,264,3,B,
6,265,3,B,
6,266,4,B,
6,267,2,D,
6,268,2,C,
6,269,3,B,
6,270,2,B,
6,271,3,A,
6,272,3,C,
6,273,3,B,
6,274,3,B,
6,275,2,B,
6,276,3,A,
6,277,4,A,
6,278,2,B,
6,279,4,D,
6,280,3,B,
6,281,2,D,
6,282,2,B,
6,283,2,C,
6,284,2,D,
6,285,2,C,
6,286,3,D,
6,287,4,D,
6,288,3,D,
6,289,2,B,
6,290,2,B,
6,291,3,C,
6,292,4,D,
6,293,4,C,
6,294,4,A,
6,295,2,D,
6,296,4,C,
6,297,4,C,
6,298,3,D,
6,299,2,D,
6,300,2,C,
6,301,4,B,
6,302,2,C,
6,303,3,D,
6,304,3,C,
6,305,3,A,
6,306,4,B,
6,307,2,C,
6,308,3,D,
6,309,4,D,
6,310,4,B,
6,311,2,C,
6,312,4,C,
6,313,4,C,
6,314,3,A,
6,315,4,C,
6,316,3,D,
6,317,4,D,
6,318,3,C,
6,319,2,B,
6,320,2,D,
6,321,3,A,
6,322,2,B,
6,323,2,B,
6,324,4,C,
6,325,4,B,
6,326,2,B,
6,327,4,A,
6,328,4,D,
6,329,2,B,
6,330,2,D,
6,331,3,A,
6,332,4,B,
6,333,3,A,
6,334,4,A,
6,335,3,D,
6,336,4,A,
6,337,2,C,
6,338,3,A,
6,339,3,C,
6,340,4,D,
6,341,4,A,
6,342,4,B,
6,343,4,D,
6,344,4,B,
6,345,4,B,
6,346,2,D,
6,347,2,D,
6,348,4,A,
6,349,3,B,
6,350,4,A,
6,351,3,A,
6,352,3,B,
6,353,3,D,
6,354,4,A,
6,355,3,D,
6,356,3,B,
6,357,4,A,
6,358,2,A,
6,359,2,B,
6,360,2,B,
6,361,3,A,
6,362,2,A,
6,363,4,A,
6,364,4,A,
6,365,3,A,
6,366,3,D,
6,367,3,D,
6,368,4,A,
6,369,2,C,
6,370,2,B,
6,371,2,A,
6,372,3,D,
6,373,4,C,
6,374,3,A,
6,375,2,D,
6,376,2,A,
6,377,3,C,
6,378,3,B,
6,379,3,B,
6,380,3,A,
6,381,3,C,
6,382,4,A,
6,383,3,A,
6,384,3,B,
6,385,4,B,
6,386,3,C,
6,387,3,C,
6,388,4,C,
6,389,3,D,
6,390,2,B,
6,391,3,D,
6,392,3,C,
6,393,4,B,
6,394,3,B,
6,395,3,A,
6,396,3,B,
6,397,3,C,
6,398,2,C,
6,399,2,C,
6,400,3,A,
6,401,2,C,
6,402,3,C,
6,403,2,C,
6,404,2,C,
6,405,2,C,
6,406,3,A,
6,407,3,D,
6,408,3,A,
6,409,2,B,
6,410,3,B,
6,411,2,C,
6,412,4,D,
6,413,3,A,
6,414,3,C,
6,415,3,D,
6,416,4,D,
6,417,2,B,
6,418,3,B,
6,419,2,C,
6,420,2,A,
6,421,4,D,
6,422,3,C,
6,423,4,A,
6,424,2,A,
6,425,4,B,
6,426,4,A,
6,427,2,A,
6,428,3,C,
6,429,4,C,
6,430,2,A,
6,431,4,D,
6,432,3,C,
6,433,3,C,
6,434,2,C,
6,435,3,A,
6,436,2,C,
6,437,4,D,
6,438,4,C,
6,439,4,C,
6,440,4,B,
6,441,4,B,
6,442,4,B,
6,443,3,C,
6,444,4,A,
6,445,4,D,
6,446,2,A,
6,447,2,C,
6,448,3,B,
6,449,2,C,
6,450,2,B,
6,451,4,D,
6,452,4,A,
6,453,4,C,
6,454,3,A,
6,455,3,B,
6,456,3,A,
6,457,2,B,
6,458,2,D,
6,459,2,B,
6,460,4,C,
6,461,2,B,
6,462,3,A,
6,463,4,D,
6,464,4,C,
6,465,2,C,
6,466,3,C,
6,467,2,B,
6,468,2,C,
6,469,3,B,
6,470,2,C,
6,471,3,C,
6,472,4,C,
6,473,4,A,
6,474,4,B,
6,475,3,C,
6,476,2,D,
6,477,4,B,
6,478,4,A,
6,479,4,B,
6,480,2,D,
6,481,2,C,
6,482,2,D,
6,483,3,B,
6,484,2,A,
6,485,4,A,
6,486,2,A,
6,487,3,B,
6,488,4,D,
6,489,4,A,
6,490,2,C,
6,491,4,B,
6,492,3,B,
6,493,3,C,
6,494,4,D,
6,495,4,A,
6,496,2,C,
6,497,4,A,
6,498,3,B,
6,499,3,C,
6,500,2,C,
6,501,3,C,
6,502,3,B,
6,503,2,A,
6,504,3,A,
6,505,2,C,
6,506,2,A,
6,507,2,B,
6,508,2,A,
6,509,4,A,
6,510,4,D,
6,511,4,D,
6,512,3,B,
6,513,2,D,
6,514,4,C,
6,515,3,B,
6,516,3,B,
6,517,3,A,
6,518,4,C,
6,519,4,A,
6,520,4,A,
6,521,4,D,
6,522,3,A,
6,523,2,D,
6,524,4,D,
6,525,3,B,
6,526,3,A,
6,527,2,A,
6,528,3,D,
6,529,4,C,
6,530,2,A,
6,531,2,A,
6,532,2,D,
6,533,3,D,
6,534,4,A,
6,535,2,B,
6,536,4,D,
6,537,3,C,
6,538,3,D,
6,539,3,D,
6,540,2,B,
6,541,2,D,
6,542,2,A,
6,543,2,B,
6,544,2,C,
6,545,3,C,
6,546,2,A,
6,547,2,D,
6,548,4,C,
6,549,2,B,
6,550,4,D,
6,551,3,A,
6,552,2,D,
6,553,4,C,
6,554,3,D,
6,555,2,D,
6,556,2,B,
6,557,3,A,
6,558,4,A,
6,559,3,D,
6,560,3,D,
6,561,3,C,
6,562,4,A,
6,563,3,A,
6,564,2,D,
6,565,4,D,
6,566,2,D,
6,567,3,D,
6,568,2,B,
6,569,3,B,
6,570,4,A,
6,571,3,A,
6,572,2,D,
6,573,4,A,
6,574,3,A,
6,575,3,A,
6,576,2,D,
6,577,2,D,
6,578,4,B,
6,579,2,D,
6,580,3,D,
6,581,4,D,
6,582,2,B,
6,583,4,D,
6,584,4,C,
6,585,4,B,
6,586,2,A,
6,587,3,A,
6,588,4,D,
6,589,4,D,
6,590,3,D,
6,591,3,C,
6,592,4,A,
6,593,3,D,
6,594,2,A,
6,595,3,B,
6,596,3,A,
6,597,3,C,
6,598,4,B,
6,599,3,B,
6,600,3,C,
6,601,2,B,
6,602,3,B,
6,603,2,D,
6,604,2,B,
6,605,2,A,
6,606,3,A,
6,607,4,B,
6,608,4,B,
6,609,2,A,
6,610,3,A,
6,611,2,B,
6,612,2,B,
6,613,2,C,
6,614,4,D,
6,615,2,B,
6,616,4,C,
6,617,3,C,
6,618,2,D,
6,619,2,D,
6,620,2,D,
6,621,3,C,
6,622,3,C,
6,623,3,B,
6,624,3,D,
6,625,3,C,
6,626,3,B,
6,627,2,A,
6,628,2,C,
6,629,2,B,
6,630,2,B,
6,631,2,A,
6,632,4,A,
6,633,3,D,
6,634,4,C,
6,635,3,B,
6,636,4,C,
6,637,4,D,
6,638,4,D,
6,639,4,A,
6,640,2,B,
6,641,3,A,
6,642,2,B,
6,643,3,B,
6,644,4,C,
6,645,3,D,
6,646,4,C,
6,647,3,D,
6,648,2,A,
6,649,4,A,
6,650,4,C,
6,651,2,C,
6,652,3,C,
6,653,4,D,
6,654,3,B,
6,655,3,C,
6,656,3,C,
6,657,3,B,
6,658,4,A,
6,659,3,B,
6,660,3,C,
6,661,3,D,
6,662,3,D,
6,663,2,D,
6,664,2,A,
6,665,3,A,
6,666,2,A,
6,667,4,C,
6,668,3,A,
6,669,3,B,
6,670,3,B,
6,671,2,D,
6,672,2,D,
6,673,4,D,
6,674,2,B,
6,675,3,C,
6,676,2,B,
6,677,2,B,
6,678,4,C,
6,679,2,B,
6,680,2,A,
6,681,4,B,
6,682,3,A,
6,683,2,D,
6,684,3,B,
6,685,3,A,
6,686,4,B,
6,687,2,B,
6,688,2,C,
6,689,4,D,
6,690,4,A,
6,691,4,D,
6,692,2,A,
6,693,4,A,
6,694,2,C,
6,695,3,C,
6,696,4,B,
6,697,3,B,
6,698,2,B,
6,699,2,A,
6,700,2,A,
6,701,4,D,
6,702,3,B,
6,703,2,A,
6,704,4,D,
6,705,4,C,
6,706,4,D,
6,707,3,A,
6,708,4,D,
6,709,4,D,
6,710,4,B,
6,711,2,C,
6,712,2,A,
6,713,2,A,
6,714,3,A,
6,715,2,C,
6,716,4,A,
6,717,2,D,
6,718,2,A,
6,719,4,B,
6,720,3,D,
6,721,4,B,
6,722,3,C,
6,723,3,A,
6,724,4,B,
6,725,2,A,
6,726,3,A,
6,727,4,A,
6,728,2,D,
6,729,3,C,
6,730,3,D,
6,731,2,A,
6,732,3,A,
6,733,3,C,
6,734,3,A,
6,735,3,B,
6,736,3,D,
6,737,3,D,
6,738,3,D,
6,739,3,D,
6,740,2,A,
6,741,3,B,
6,742,4,B,
6,743,2,C,
6,744,3,D,
6,745,3,C,
6,746,4,D,
6,747,4,D,
6,748,3,B,
6,749,4,A,
6,750,4,B,
6,751,2,D,
6,752,4,C,
6,753,2,C,
6,754,4,B,
6,755,3,B,
6,756,2,C,
6,757,2,A,
6,758,2,D,
6,759,3,B,
6,760,2,D,
6,761,2,C,
6,762,3,B,
6,763,2,D,
6,764,3,D,
6,765,4,B,
6,766,4,B,
6,767,3,B,
6,768,4,D,
6,769,4,C,
6,770,4,A,
6,771,3,B,
6,772,3,C,
6,773,2,B,
6,774,4,D,
6,775,3,D,
6,776,4,D,
6,777,4,A,
6,778,4,D,
6,779,4,D,
6,780,4,C,
6,781,4,C,
6,782,4,C,
6,783,3,D,
6,784,2,D,
6,785,2,C,
6,786,2,D,
6,787,4,D,
6,788,3,C,
6,789,4,B,
6,790,3,C,
6,791,2,D,
6,792,4,B,
6,793,3,A,
6,794,2,A,
6,795,2,B,
6,796,2,D,
6,797,3,A,
6,798,3,A,
6,799,4,D,
6,800,2,A,
6,801,2,B,
6,802,2,A,
6,803,2,C,
6,804,4,C,
6,805,4,D,
6,806,4,A,
6,807,4,D,
6,808,4,D,
6,809,4,A,
6,810,4,A,
6,811,4,A,
6,812,2,D,
6,813,3,A,
6,814,2,B,
6,815,2,A,
6,816,3,C,
6,817,4,A,
6,818,3,B,
6,819,4,C,
6,820,4,D,
6,821,4,C,
6,822,3,C,
6,823,3,B,
6,824,4,C,
6,825,4,D,
6,826,2,C,
6,827,3,B,
6,828,4,D,
6,829,2,C,
6,830,2,B,
6,831,4,A,
6,832,3,D,
6,833,2,A,
6,834,3,D,
6,835,2,B,
